{
  "report_metadata": {
    "report_id": "optimized_staffing_1756732821",
    "generated_at": "2025-09-01T14:20:21.620180",
    "simulation_duration": 120
  },
  "descriptive_statistics": {
    "patient_flow": {
      "total_arrivals": 42,
      "total_departures": 41,
      "total_admissions": 2,
      "total_discharges": 39,
      "total_lwbs": 0,
      "completion_rate": 97.61904761904762,
      "admission_rate": 4.878048780487805,
      "discharge_rate": 95.1219512195122,
      "lwbs_rate": 0.0,
      "throughput_per_hour": 20.5,
      "priority_distribution": {
        "IMMEDIATE": 0,
        "VERY_URGENT": 2,
        "URGENT": 2,
        "STANDARD": 7,
        "NON_URGENT": 31
      },
      "priority_percentages": {
        "IMMEDIATE": 0.0,
        "VERY_URGENT": 4.761904761904762,
        "URGENT": 4.761904761904762,
        "STANDARD": 16.666666666666664,
        "NON_URGENT": 73.80952380952381
      }
    },
    "wait_times": {
      "overall": {
        "count": 37,
        "mean": 3.422412840216775,
        "median": 2.5929606125575333,
        "std": 3.5121320855803995,
        "var": 12.335071786563327,
        "min": 0.0,
        "max": 11.80889923342653,
        "range": 11.80889923342653,
        "skewness": 0.6967341311799786,
        "kurtosis": -0.5670617750929812,
        "percentiles": {
          "p50": 2.5929606125575333,
          "p75": 5.827737223441346,
          "p90": 7.547178793505366,
          "p95": 10.127735000918783,
          "p99": 11.629778983044861
        }
      },
      "by_priority": {
        "VERY_URGENT": {
          "count": 2,
          "mean": 6.524702024320106,
          "median": 6.524702024320106,
          "std": 1.2227585963650824,
          "var": 1.4951385849847065,
          "min": 5.301943427955024,
          "max": 7.747460620685189,
          "range": 2.445517192730165,
          "skewness": 0.0,
          "kurtosis": -2.0,
          "target_compliance": {
            "target_time": 30,
            "compliance_rate": 100.0,
            "breach_count": 0,
            "breach_rate": 0.0
          }
        },
        "URGENT": {
          "count": 2,
          "mean": 6.305364698861524,
          "median": 6.305364698861524,
          "std": 5.503534534565006,
          "var": 30.288892373149654,
          "min": 0.8018301642965184,
          "max": 11.80889923342653,
          "range": 11.007069069130011,
          "skewness": 0.0,
          "kurtosis": -2.0,
          "target_compliance": {
            "target_time": 120,
            "compliance_rate": 100.0,
            "breach_count": 0,
            "breach_rate": 0.0
          }
        },
        "STANDARD": {
          "count": 6,
          "mean": 3.7159661172819796,
          "median": 4.70333268139926,
          "std": 2.8135116221980065,
          "var": 7.915847648243258,
          "min": 0.0,
          "max": 7.061394117452011,
          "range": 7.061394117452011,
          "skewness": -0.3524256674901841,
          "kurtosis": -1.5522474461251485,
          "target_compliance": {
            "target_time": 480,
            "compliance_rate": 100.0,
            "breach_count": 0,
            "breach_rate": 0.0
          }
        },
        "NON_URGENT": {
          "count": 27,
          "mean": 2.9138275902950195,
          "median": 1.14473122354363,
          "std": 3.3442180955831686,
          "var": 11.183794670825916,
          "min": 0.0,
          "max": 11.311342982366341,
          "range": 11.311342982366341,
          "skewness": 0.9177873697639859,
          "kurtosis": -0.26338156641058985,
          "target_compliance": {
            "target_time": 1440,
            "compliance_rate": 100.0,
            "breach_count": 0,
            "breach_rate": 0.0
          }
        }
      }
    },
    "service_times": {
      "triage": {
        "count": 42,
        "mean": 4.80407816288279,
        "median": 5.165150987133521,
        "std": 2.130748598345558,
        "var": 4.54008958935156,
        "min": 1.0,
        "max": 8.597579430787063,
        "range": 7.5975794307870625,
        "skewness": -0.04628179491568216,
        "kurtosis": -0.8603202368945819
      },
      "consultation": {
        "count": 35,
        "mean": 16.056618554052744,
        "median": 15.424699801821447,
        "std": 2.3964885497855453,
        "var": 5.743157369253226,
        "min": 13.699710847351781,
        "max": 24.120926501893535,
        "range": 10.421215654541754,
        "skewness": 1.7930920400034547,
        "kurtosis": 2.6847389964374466
      },
      "total_system": {
        "count": 41,
        "mean": 17.47898155549822,
        "median": 19.438367941031146,
        "std": 11.860058877522494,
        "var": 140.66099657830014,
        "min": 0.0,
        "max": 42.24627324675291,
        "range": 42.24627324675291,
        "skewness": -0.27876528094201486,
        "kurtosis": -0.8071701883680857,
        "percentiles": {
          "p50": 19.438367941031146,
          "p75": 23.6940661068748,
          "p90": 31.361649016431727,
          "p95": 35.51093855816339
        }
      }
    },
    "resource_utilization": {
      "doctors": {
        "count": 27,
        "mean": 92.5925925925926,
        "median": 100.0,
        "std": 14.581496062984833,
        "var": 212.6200274348422,
        "min": 50.0,
        "max": 100.0,
        "range": 50.0,
        "skewness": -1.9951310273900913,
        "kurtosis": 2.836108220603542,
        "efficiency": {
          "target_utilization": 75.0,
          "actual_utilization": 92.5925925925926,
          "efficiency_ratio": 1.2345679012345678,
          "underutilization": 0,
          "overutilization": 17.592592592592595
        }
      },
      "nurses": {
        "count": 27,
        "mean": 92.5925925925926,
        "median": 100.0,
        "std": 14.581496062984833,
        "var": 212.6200274348422,
        "min": 50.0,
        "max": 100.0,
        "range": 50.0,
        "skewness": -1.9951310273900913,
        "kurtosis": 2.836108220603542,
        "efficiency": {
          "target_utilization": 75.0,
          "actual_utilization": 92.5925925925926,
          "efficiency_ratio": 1.2345679012345678,
          "underutilization": 0,
          "overutilization": 17.592592592592595
        }
      },
      "cubicles": {
        "count": 27,
        "mean": 85.18518518518519,
        "median": 100.0,
        "std": 20.42291203714146,
        "var": 417.0953360768176,
        "min": 37.5,
        "max": 100.0,
        "range": 62.5,
        "skewness": -1.1276389703394096,
        "kurtosis": -0.0904836547734349,
        "efficiency": {
          "target_utilization": 75.0,
          "actual_utilization": 85.18518518518519,
          "efficiency_ratio": 1.1358024691358026,
          "underutilization": 0,
          "overutilization": 10.18518518518519
        }
      },
      "beds": {
        "count": 27,
        "mean": 0.0,
        "median": 0.0,
        "std": 0.0,
        "var": 0.0,
        "min": 0.0,
        "max": 0.0,
        "range": 0.0,
        "skewness": NaN,
        "kurtosis": NaN,
        "efficiency": {
          "target_utilization": 75.0,
          "actual_utilization": 0.0,
          "efficiency_ratio": 0.0,
          "underutilization": 75.0,
          "overutilization": 0
        }
      }
    }
  },
  "performance_analysis": {
    "performance_indicators": {
      "throughput_per_hour": 20.5,
      "average_length_of_stay": 17.47898155549822,
      "average_wait_time": 3.422412840216775,
      "median_wait_time": 2.5929606125575333,
      "p95_wait_time": 10.127735000918783,
      "resource_efficiency": 67.5925925925926,
      "completion_rate": 97.61904761904762,
      "lwbs_rate": 0.0,
      "admission_rate": 4.878048780487805,
      "average_triage_confidence": 0.27984126984126984
    },
    "target_compliance": {
      "VERY_URGENT_compliance": 100.0,
      "URGENT_compliance": 100.0,
      "STANDARD_compliance": 100.0,