{
  "definition": "Total time in A&E from arrival to admission/transfer/discharge",
  "count": 34,
  "avg": 9.820162186114713,
  "median": 8.424040153061936,
  "min": 2.536387196858527,
  "max": 35.64027355726059,
  "wait_times": [
    5.780054515209537,
    5.747999739841916,
    7.083079315287465,
    7.536522208795647,
    7.920713717843579,
    10.37263842169492,
    15.287622058229015,
    35.64027355726059,
    17.587908529223455,
    14.172985651965597,
    8.97376691608111,
    5.204604152711006,
    9.79426324564259,
    12.768760647519116,
    7.174751323024012,
    9.195115467707879,
    10.556199196802325,
    11.437968312721218,
    3.8485160315568834,
    6.936039593946347,
    4.859481925110956,
    6.226833160553028,
    7.696648110661371,
    14.460636593097135,
    5.629849701669343,
    8.927366588280293,
    6.30892459440291,
    5.31850755079752,
    2.536387196858527,
    7.217904613931196,
    9.742871193542285,
    12.38406708931737,
    14.25071515770783,
    15.305538248906274
  ],
  "queue_wait_times": [
    0.0,
    0.0,
    0.0,
    4.5998473265450155,
    0.0,
    0.0,
    0.0,
    0.0,
    0.0,
    0.0,
    0.0,
    0.0,
    0.0,
    0.0,
    3.571845208804959,
    0.0,
    0.0,
    0.0,
    0.0,
    0.0,
    0.0,
    0.0,
    0.0,
    0.0,
    0.0,
    0.0,
    0.0,
    0.0,
    0.0,
    0.0,
    0.0,
    0.0,
    0.0,
    0.0
  ],
  "modeled_expected_queue_wait": {
    "DOCTOR": 0.49074643384634126,
    "MRI": 22.027424574240293,
    "BED": 0.014902520986666118
  },
  "resource_utilization": {
    "DOCTOR": 0.33795230634182977,
    "MRI": 0.7649137351165323,
    "BED": 0.10802319590768339
  }
}