{
  "definition": "Total time in A&E from arrival to admission/transfer/discharge",
  "count": 263,
  "avg": 11.653166654632054,
  "median": 9.337349346481062,
  "min": 2.2237132098408665,
  "max": 75.6958607427834,
  "wait_times": [
    6.94256826424038,
    16.87391108339193,
    6.570776902005441,
    8.836335120595457,
    10.237984281645112,
    11.756787860970537,
    14.241328343409105,
    10.004822521262845,
    12.998873848034634,
    7.287623500818114,
    6.6208312921904025,
    5.574629483192169,
    5.460826636062002,
    10.113490545278964,
    2.9057725192769084,
    8.632515660334,
    10.359931399213998,
    10.825815294861115,
    8.4111432139714,
    9.71356054461367,
    4.877093624768733,
    8.720508989303312,
    10.984709399790617,
    22.033953529246844,
    4.214026239355903,
    8.990131701624037,
    4.662771218972367,
    8.065957506405283,
    8.92569971342391,
    10.643619737442677,
    9.992429314365637,
    10.47539864423338,
    10.53796042103069,
    12.175055919014525,
    8.679595754408751,
    12.846676349925048,
    5.349947165734079,
    18.69496992758846,
    8.236618129312063,
    7.805105582514528,
    14.729136063911227,
    12.8942625981542,
    15.027714511946954,
    8.846568914772575,
    9.166257510160193,
    12.64537605733048,
    12.814245421950659,
    14.627165986768887,
    6.533843466788369,
    19.61650858316625,
    7.918251682128329,
    7.869703200562327,
    5.85221605600853,
    8.623042663671754,
    17.21870622741136,
    7.13999859386891,
    9.09493611564264,
    10.860964440732914,
    12.336584331441628,
    40.23737873543644,
    5.815587923840752,
    13.826576340253155,
    7.085876019897057,
    4.798761358479368,
    7.107019989115628,
    5.854805286686457,
    5.914325940597763,
    9.225804457265554,
    9.113538269966625,
    19.102286450891995,
    19.692155262924814,
    53.946611461726036,
    41.34705272739768,
    41.35292105215831,
    42.4889612433542,
    15.311116492642611,
    9.635778818490223,
    7.4020048286997735,
    17.650800364954875,
    7.43920110845886,
    7.339817061793269,
    12.69438939684369,
    75.6958607427834,
    47.5387294006145,
    45.799506539988045,
    40.835308753119875,
    4.303132370353524,
    6.149312119242893,
    5.672589933617417,
    9.337349346481062,
    8.775898201864436,
    2.941554986790891,
    7.566273059202842,
    22.582315969172782,
    23.349960110981215,
    11.762008443952254,
    3.044053891618603,
    9.994701021714093,
    15.653201494016344,
    16.116394121284145,
    13.74215087161798,
    10.623615377490296,
    12.405554809084492,
    15.885465498766223,
    9.192100753521004,
    11.211384859605175,
    10.319874865084273,
    13.289350458580202,
    14.012132624460264,
    16.43489061923043,
    51.874891990128674,
    10.10821248402084,
    11.420345123362097,
    10.508814595116291,
    11.700370590321427,
    4.5059405786482785,
    12.05030154259481,
    11.82020441052822,
    16.56591572800744,
    21.016051934446864,
    25.31978882240452,
    4.513365913838129,
    6.227418230697765,
    19.286349921343117,
    19.802065378265127,
    17.2906447865098,
    24.373744362078924,
    11.27346869644009,
    8.113931815717365,
    6.777973905178271,
    11.163025822116253,
    15.266871767603845,
    5.733741636605146,
    7.537135015616741,
    7.740457159896266,
    8.623047368529626,
    4.676801458418026,
    7.8204769371227485,
    17.839934827222237,
    17.08170661653014,
    7.371591487866681,
    2.7470372350485377,
    6.315993825873875,
    5.021672829333738,
    7.383039214281894,
    9.027501070884227,
    3.608657033792497,
    7.737900145860749,
    6.859962588710573,
    7.800999114389924,
    7.1127409404632544,
    6.584755080746504,
    26.623119635838975,
    9.230516393430207,
    13.642550658211462,
    10.515894003617973,
    5.537737425659316,
    10.359838959116246,
    13.165552684214845,
    11.580426859679505,
    5.337474581866445,
    4.403501543210837,
    7.850563391702394,
    20.666383966216586,
    20.354137935929884,
    5.260816986988971,
    6.407971528122744,
    8.609418997780836,
    3.170414653548164,
    5.64709426314505,
    20.839419552484514,
    5.55678708712685,
    10.807714815014606,
    2.2237132098408665,
    8.562949836626899,
    9.901779940185293,
    12.07907866383016,
    10.249585253237342,
    15.609065699161079,
    6.082296788897111,
    5.545309037622587,
    8.291067604368664,
    8.065411150621344,
    9.796738306283487,
    10.511988651936917,
    10.663244942592542,
    10.735161802118228,
    10.018600814117121,
    4.484106983520519,
    7.270204519583672,
    17.469040646518465,
    4.380348010907937,
    6.054774474749252,
    6.381038406637231,
    7.454190407987653,
    7.953540212383359,
    17.18142790905756,
    7.806349874736725,
    9.69795042491478,
    11.839540214137514,
    11.72102149366492,
    11.865415475337159,
    9.262883631673958,
    7.563051339018102,
    11.399131281266023,
    10.752801720189723,
    7.219202433418104,
    9.200189066788312,
    15.772610984167045,
    3.533411814909641,
    11.04616341938413,
    8.016678047612118,
    8.266445747103148,
    5.01978101049167,
    5.448691012888617,
    3.9023667330092167,
    13.69872302519093,
    7.65071467316443,
    7.940751681363054,
    9.674286896316403,
    27.29078373741413,
    11.987739732763885,
    7.8054041893645945,
    12.264263580901115,
    9.439690266359094,
    14.290969730591087,
    16.907024038294367,
    12.068477148332363,
    11.850093087507844,
    13.659870117118317,
    17.16719082404552,
    12.463818592683992,
    4.922736971447421,
    5.661227229761607,
    3.3617168429669846,
    5.859285472849024,
    8.600374143105455,
    11.959010371291129,
    14.583847530829075,
    31.280384113574883,
    11.544877425183017,
    8.202011791227392,
    6.600206708782366,
    5.882421821699495,
    12.961584892794235,
    3.9622376162595856,
    6.527076161110017,
    5.068545451637647,
    7.224408142495804,
    8.712880809577427,
    4.031046645568836,
    7.1808615814891255,
    17.579010639304215,
    7.604468982687763,
    7.699946979460378,
    9.377136945749271,
    10.792262699474918,
    14.40671335763875,
    5.776764188639049,
    3.7841226031539463,
    7.5969219744398515,
    8.80501647379242,
    9.888705925503132
  ],