{
  "definition": "Total time in A&E from arrival to admission/transfer/discharge",
  "count": 127,
  "avg": 5.556977526919499,
  "median": 3.886327021467878,
  "min": 1.0567937878652742,
  "max": 30.982470426554357,
  "wait_times": [
    1.7423729574381905,
    3.9896854278666005,
    5.214655983706715,
    2.9945228658019296,
    2.7078383611890864,
    3.064620808110991,
    7.566988836433811,
    4.003098487757921,
    17.803396636212767,
    3.7773320926348433,
    2.4634041281820487,
    1.8155089885295368,
    2.449775948520987,
    11.508431584652485,
    1.9431550970631548,
    10.477956577600303,
    3.177986209200263,
    1.7947541511168055,
    12.031346995708411,
    5.7467258536016885,
    5.817187898313776,
    2.814596261411353,
    3.4352799913027923,
    4.548983667646439,
    3.3220409320054927,
    5.537585857906848,
    6.334569719946202,
    3.060101577962243,
    2.3998081037464516,
    1.8640979750666133,
    6.707515223914342,
    3.6489328633679463,
    2.516969539285128,
    7.857029505731262,
    5.169866387389206,
    1.911223614089522,
    6.122567202516706,
    1.8818028993215137,
    17.144485668803796,
    2.9009086407093605,
    10.907515418436617,
    2.382112182364068,
    4.690572342997626,
    12.038505814838345,
    3.056373215442136,
    10.703646815795281,
    6.422017709820352,
    4.1172727811836864,
    3.698735276193389,
    2.8283900787206164,
    2.7324557767105944,
    4.426902830981845,
    12.518457170865759,
    3.886327021467878,
    2.5866071712247845,
    3.203555639510796,
    4.2391892166618845,
    2.913258954963311,
    3.733934918494043,
    3.9041839429789036,
    3.695735340987085,
    14.151643219100208,
    2.3962195361070258,
    3.1720908216193493,
    16.42047114186144,
    1.9017069746348625,
    4.32699325973374,
    1.2091806304807164,
    11.153530830882005,
    2.8928546375656765,
    2.378098368649546,
    10.004073573417031,
    4.872535835550309,
    30.982470426554357,
    1.4803107228599401,
    9.26624066228834,
    1.0567937878652742,
    4.191865361096347,
    1.223866820485,
    3.5306301086087046,
    2.9435722012411247,
    9.421415147356186,
    3.7964074193162105,
    3.2405104252099477,
    3.171073487597141,
    5.0868445193179355,
    3.89556976663215,
    2.8613727629588652,
    2.0798981137251644,
    26.570990150084413,
    7.29696890636734,
    5.846586184789544,
    3.5707697490065584,
    7.443103548228748,
    4.044063105447492,
    4.522511992657485,
    4.401604654796813,
    2.975035663248889,
    6.1382795203534215,
    3.206476214603015,
    3.949108950574896,
    5.569899533088346,
    4.3134659054934446,
    3.0063651780674263,
    2.1765791324631323,
    2.6976837024678275,
    4.042306998000981,
    2.369596068401165,
    6.922271110372606,
    3.746776234133563,
    9.817597440805798,
    4.857177185398996,
    4.766899964570314,
    2.5520843480966846,
    2.0671855508901444,
    4.3569664562536445,
    11.532600027201681,
    2.194731336909797,
    27.49163454223492,
    6.898307508200446,
    2.6026978309803326,
    5.782695924577297,
    6.123818103211704,
    2.8522787970044874,
    2.315824428538008,
    2.9095230318337713,
    18.740579234302288
  ],
  "queue_wait_times": [
    0.0,
    0.0,
    0.0,
    0.0,
    0.0,
    0.0,
    0.0,
    0.0,
    0.0,
    0.0,
    0.0,
    0.0,
    0.0,
    0.0,
    0.0,
    0.0,
    0.0,
    0.0,
    0.0,
    0.0,
    0.0,
    0.0,
    0.0,
    0.0,
    0.0,
    0.0,
    0.0,
    0.0,
    0.0,
    0.0,
    0.0,
    0.0,
    0.0,
    0.0,
    0.0,
    0.0,
    0.0,
    0.0,
    0.0,
    0.0,
    0.0,
    0.0,
    0.0,
    0.0,
    0.0,
    0.0,
    0.0,
    0.0,
    0.0,
    0.0,
    0.0,
    0.0,
    0.0,
    0.0,
    0.0,
    0.0,
    0.0,
    0.0,
    0.0,
    0.0,
    0.0,
    0.0,
    0.0,
    0.0,
    0.0,
    0.0,
    0.0,
    0.0,
    0.0,
    0.0,
    0.0,
    0.0,
    0.0,
    0.0,
    0.0,
    0.0,
    0.0,
    0.0,
    0.0,
    0.0,
    0.0,
    0.0,
    0.0,
    0.0,
    0.0,
    0.0,
    0.0,
    0.0,
    0.0,
    0.0,
    0.0,
    0.0,
    0.0,
    0.0,
    0.0,
    0.0,
    0.0,
    0.0,
    0.0,
    0.0,
    0.0,
    0.0,
    0.0,
    0.0,
    0.0,
    0.0,
    0.0,
    0.0,
    0.0,
    0.0,
    0.0,
    0.0,
    0.0,
    0.0,
    0.0,
    0.0,
    0.0,
    0.0,
    0.0,
    0.0,
    0.0,
    0.0,
    0.0,
    0.0,
    0.0,
    0.0,
    0.0
  ],
  "modeled_expected_queue_wait": {
    "DOCTOR": 0.04730146580785884,
    "MRI": 1.712658621820861,
    "BED": 0.27940379663499865
  },
  "resource_utilization": {
    "DOCTOR": 0.1260269119730331,
    "MRI": 0.31412207539656894,
    "BED": 0.2817654641649726
  }
}