{
  "total_attendances": 155,
  "active_patients_in_system": 41,
  "1_left_before_being_seen_rate_pct": 0.0,
  "2_reattendance_rate_pct": 0.0,
  "3_time_to_initial_assessment_avg_minutes": 41.79477530026512,
  "4_time_to_treatment_avg_minutes": 88.26960280668581,
  "5_total_time_in_ae_avg_minutes": 273.17640514694494,
  "4hour_standard_compliance_pct": 29.677419354838708,
  "attendances_within_4hours": 46,
  "attendances_over_4hours": 109,
  "95pct_target_achieved": false,
  "76pct_interim_target_achieved": false,
  "median_total_time_minutes": 261.53745498265266,
  "95th_percentile_time_minutes": 413.00840763096056,
  "admission_rate_pct": 100.0,
  "triage_category_distribution": {
    "RED": 0,
    "ORANGE": 0,
    "YELLOW": 58,
    "GREEN": 84,
    "BLUE": 13
  },
  "age_group_analysis": {
    "0-17": {
      "count": 155,
      "avg_time_minutes": 273.17640514694494,
      "4hour_compliance_pct": 29.677419354838708,
      "admission_rate_pct": 100.0
    }
  },
  "gender_analysis": {
    "": {
      "count": 155,
      "avg_time_minutes": 273.17640514694494,
      "4hour_compliance_pct": 29.677419354838708,
      "admission_rate_pct": 100.0
    }
  },
  "time_distribution_analysis": {
    "min_time_minutes": 151.4720513176133,
    "max_time_minutes": 506.4677961039979,
    "std_dev_minutes": 66.84264076470771,
    "quartiles": {
      "25th_percentile": 232.64658975585237,
      "50th_percentile": 261.53745498265266,
      "75th_percentile": 303.8290406564561
    },
    "distribution_bins": {
      "0-60min": 0,
      "60-120min": 0,
      "120-240min": 46,
      "240-360min": 89,
      "360+min": 20
    }
  },
  "service_name": "NHSMetrics",
  "total_records": 155,
  "active_records": 41,
  "total_duration_minutes": 1416.573501752654,
  "start_time": 0.0,
  "end_time": 1416.573501752654,
  "counters": {
    "lwbs_count": 0,
    "reattendance_count": 0,
    "admissions_count": 33,
    "total_records": 196,
    "completed_records": 155
  }
}