{
  "utilization": {
    "nurse": {
      "average_utilization_pct": 98.50490196078431,
      "peak_utilization_pct": 100.0,
      "min_utilization_pct": 0.0,
      "current_utilization_pct": 100.0,
      "utilization_std_dev": 9.70937870279607
    },
    "bed": {
      "average_utilization_pct": 15.119825708060999,
      "peak_utilization_pct": 41.66666666666667,
      "min_utilization_pct": 0.0,
      "current_utilization_pct": 33.33333333333333,
      "utilization_std_dev": 14.382224685274767
    },
    "doctor": {
      "average_utilization_pct": 21.91176470588235,
      "peak_utilization_pct": 75.0,
      "min_utilization_pct": 0.0,
      "current_utilization_pct": 50.0,
      "utilization_std_dev": 20.961887111252604
    },
    "triage": {
      "average_utilization_pct": 98.50490196078431,
      "peak_utilization_pct": 100.0,
      "min_utilization_pct": 0.0,
      "current_utilization_pct": 100.0,
      "utilization_std_dev": 9.70937870279607
    }
  },
  "queues": {
    "nurse": {
      "average_queue_length": 59.772549019607844,
      "peak_queue_length": 109,
      "min_queue_length": 0,
      "queue_length_std_dev": 29.421845592648708,
      "time_with_queue": 96.86274509803921
    },
    "bed": {
      "average_queue_length": 0.0,
      "peak_queue_length": 0,
      "min_queue_length": 0,
      "queue_length_std_dev": 0.0,
      "time_with_queue": 0.0
    },
    "doctor": {
      "average_queue_length": 0.0,
      "peak_queue_length": 0,
      "min_queue_length": 0,
      "queue_length_std_dev": 0.0,
      "time_with_queue": 0.0
    },
    "triage": {
      "average_queue_length": 59.772549019607844,
      "peak_queue_length": 109,
      "min_queue_length": 0,
      "queue_length_std_dev": 29.421845592648708,
      "time_with_queue": 96.86274509803921
    }
  },
  "throughput": {},
  "wait_times": {
    "triage": {
      "average_wait_time_minutes": 215.90523610574326,
      "max_wait_time_minutes": 442.7252974762487,
      "min_wait_time_minutes": 1.863886981963594,
      "wait_time_std_dev": 144.01439144638383,
      "95th_percentile_wait_time": 432.5472964863454,
      "total_wait_events": 90
    },
    "doctor": {
      "average_wait_time_minutes": 4.6894837278396535,
      "max_wait_time_minutes": 6.384001581740904,
      "min_wait_time_minutes": 2.3015904042785564,
      "wait_time_std_dev": 0.7554401072860908,
      "95th_percentile_wait_time": 5.92356493283536,
      "total_wait_events": 80
    }
  },
  "service_times": {
    "triage": {
      "average_service_time_minutes": 65.02988635769628,
      "max_service_time_minutes": 129.95208950925922,
      "min_service_time_minutes": 23.77539152258152,
      "service_time_std_dev": 23.792965951361847,
      "95th_percentile_service_time": 110.16476696772735,
      "total_service_events": 82
    },
    "doctor": {
      "average_service_time_minutes": 149.38284641721907,
      "max_service_time_minutes": 271.35452747480116,
      "min_service_time_minutes": 72.2720969396727,
      "service_time_std_dev": 42.532203379277036,
      "95th_percentile_service_time": 224.56679014942085,
      "total_service_events": 62
    }
  },
  "system_performance": {
    "simulation_duration_minutes": 0,
    "total_snapshots": 1530,
    "average_system_queue_length": 119.54509803921569,
    "peak_system_queue_length": "218",
    "system_congestion_pct": 96.86274509803921,
    "average_system_utilization_pct": 58.510348583878,
    "peak_system_utilization_pct": 79.16666666666667,
    "final_entities_processed": 43,
    "processing_rate_per_hour": 0
  },
  "monitoring_points": 1530,
  "total_resource_events": 595,
  "service_name": "OperationMetrics",
  "total_records": 0,
  "active_records": 2125,
  "total_duration_minutes": 0,
  "start_time": 0,
  "end_time": null,
  "counters": {
    "total_records": 2125
  }
}