{
  "utilization": {
    "bed": {
      "average_utilization_pct": 20.100069013112485,
      "peak_utilization_pct": 41.66666666666667,
      "min_utilization_pct": 0.0,
      "current_utilization_pct": 41.66666666666667,
      "utilization_std_dev": 12.253690620353137
    },
    "doctor": {
      "average_utilization_pct": 20.203588681849553,
      "peak_utilization_pct": 75.0,
      "min_utilization_pct": 0.0,
      "current_utilization_pct": 25.0,
      "utilization_std_dev": 19.644264556824353
    },
    "nurse": {
      "average_utilization_pct": 98.49896480331263,
      "peak_utilization_pct": 100.0,
      "min_utilization_pct": 0.0,
      "current_utilization_pct": 100.0,
      "utilization_std_dev": 9.736353669587988
    },
    "triage": {
      "average_utilization_pct": 98.49896480331263,
      "peak_utilization_pct": 100.0,
      "min_utilization_pct": 0.0,
      "current_utilization_pct": 100.0,
      "utilization_std_dev": 9.736353669587988
    }
  },
  "queues": {
    "bed": {
      "average_queue_length": 0.0,
      "peak_queue_length": 0,
      "min_queue_length": 0,
      "queue_length_std_dev": 0.0,
      "time_with_queue": 0.0
    },
    "doctor": {
      "average_queue_length": 0.0,
      "peak_queue_length": 0,
      "min_queue_length": 0,
      "queue_length_std_dev": 0.0,
      "time_with_queue": 0.0
    },
    "nurse": {
      "average_queue_length": 45.84126984126984,
      "peak_queue_length": 99,
      "min_queue_length": 0,
      "queue_length_std_dev": 27.787340560405188,
      "time_with_queue": 96.48033126293996
    },
    "triage": {
      "average_queue_length": 45.84126984126984,
      "peak_queue_length": 99,
      "min_queue_length": 0,
      "queue_length_std_dev": 27.787340560405188,
      "time_with_queue": 96.48033126293996
    }
  },
  "throughput": {},
  "wait_times": {
    "triage": {
      "average_wait_time_minutes": 158.13877948695455,
      "max_wait_time_minutes": 378.87491021179727,
      "min_wait_time_minutes": 1.8529479407839915,
      "wait_time_std_dev": 105.79496126882383,
      "95th_percentile_wait_time": 351.78189750536853,
      "total_wait_events": 83
    },
    "doctor": {
      "average_wait_time_minutes": 4.663329262916454,
      "max_wait_time_minutes": 6.466134607043983,
      "min_wait_time_minutes": 2.2909808163585694,
      "wait_time_std_dev": 0.7776187936723191,
      "95th_percentile_wait_time": 5.602641721640414,
      "total_wait_events": 74
    }
  },
  "service_times": {
    "triage": {
      "average_service_time_minutes": 69.59578037325494,
      "max_service_time_minutes": 195.13508227093354,
      "min_service_time_minutes": 18.480758435133055,
      "service_time_std_dev": 29.415023272711988,
      "95th_percentile_service_time": 111.9139480007455,
      "total_service_events": 75
    },
    "doctor": {
      "average_service_time_minutes": 145.50682089808578,
      "max_service_time_minutes": 232.64991888121662,
      "min_service_time_minutes": 62.360844001251124,
      "service_time_std_dev": 39.44804120002924,
      "95th_percentile_service_time": 213.6524512038612,
      "total_service_events": 62
    }
  },
  "system_performance": {
    "simulation_duration_minutes": 0,
    "total_snapshots": 1449,
    "average_system_queue_length": 91.68253968253968,
    "peak_system_queue_length": "198",
    "system_congestion_pct": 96.48033126293996,
    "average_system_utilization_pct": 59.32539682539682,
    "peak_system_utilization_pct": 70.83333333333333,
    "final_entities_processed": 39,
    "processing_rate_per_hour": 0
  },
  "monitoring_points": 1449,
  "total_resource_events": 551,
  "service_name": "OperationMetrics",
  "total_records": 0,
  "active_records": 2000,
  "total_duration_minutes": 0,
  "start_time": 0,
  "end_time": null,
  "counters": {
    "total_records": 2000
  }
}