{
  "total_attendances": 506,
  "active_patients_in_system": 13,
  "1_left_before_being_seen_rate_pct": 0.0,
  "2_reattendance_rate_pct": 0.0,
  "3_time_to_initial_assessment_avg_minutes": 31.02048275526708,
  "4_time_to_treatment_avg_minutes": 81.18431668805249,
  "5_total_time_in_ae_avg_minutes": 279.6656505074612,
  "4hour_standard_compliance_pct": 35.96837944664031,
  "attendances_within_4hours": 182,
  "attendances_over_4hours": 324,
  "95pct_target_achieved": false,
  "76pct_interim_target_achieved": false,
  "median_total_time_minutes": 263.50532339866504,
  "95th_percentile_time_minutes": 433.15185666261897,
  "admission_rate_pct": 100.0,
  "triage_category_distribution": {
    "RED": 7,
    "ORANGE": 50,
    "YELLOW": 258,
    "GREEN": 148,
    "BLUE": 43
  },
  "age_group_analysis": {
    "0-17": {
      "count": 506,
      "avg_time_minutes": 279.6656505074612,
      "4hour_compliance_pct": 35.96837944664031,
      "admission_rate_pct": 100.0
    }
  },
  "gender_analysis": {
    "": {
      "count": 506,
      "avg_time_minutes": 279.6656505074612,
      "4hour_compliance_pct": 35.96837944664031,
      "admission_rate_pct": 100.0
    }
  },
  "time_distribution_analysis": {
    "min_time_minutes": 146.27762507186708,
    "max_time_minutes": 585.8371039297549,
    "std_dev_minutes": 78.01956232903738,
    "quartiles": {
      "25th_percentile": 223.41679610663937,
      "50th_percentile": 263.50532339866504,
      "75th_percentile": 318.51866390627606
    },
    "distribution_bins": {
      "0-60min": 0,
      "60-120min": 0,
      "120-240min": 182,
      "240-360min": 239,
      "360+min": 85
    }
  },
  "service_name": "NHSMetrics",
  "total_records": 506,
  "active_records": 13,
  "total_duration_minutes": 10061.247312159196,
  "start_time": 0.0,
  "end_time": 10061.247312159196,
  "counters": {
    "lwbs_count": 0,
    "reattendance_count": 0,
    "admissions_count": 150,
    "total_records": 519,
    "completed_records": 506
  }
}