{
  "total_attendances": 84,
  "active_patients_in_system": 16,
  "1_left_before_being_seen_rate_pct": 0.0,
  "2_reattendance_rate_pct": 0.0,
  "3_time_to_initial_assessment_avg_minutes": 0.0,
  "4_time_to_treatment_avg_minutes": 9.813286455939803,
  "5_total_time_in_ae_avg_minutes": 89.16034120976208,
  "4hour_standard_compliance_pct": 100.0,
  "attendances_within_4hours": 84,
  "attendances_over_4hours": 0,
  "95pct_target_achieved": true,
  "76pct_interim_target_achieved": true,
  "median_total_time_minutes": 83.22127689499314,
  "95th_percentile_time_minutes": 163.80368516057658,
  "admission_rate_pct": 10.714285714285714,
  "triage_category_distribution": {
    "YELLOW": "36",
    "BLUE": "23",
    "RED": "12",
    "GREEN": "9",
    "ORANGE": "4"
  },
  "age_group_analysis": {
    "0-17": {
      "count": 20,
      "avg_time_minutes": 81.54254481739238,
      "4hour_compliance_pct": 100.0,
      "admission_rate_pct": 0.0
    },
    "18-64": {
      "count": 51,
      "avg_time_minutes": 90.86839943226084,
      "4hour_compliance_pct": 100.0,
      "admission_rate_pct": 17.647058823529413
    },
    "65+": {
      "count": 13,
      "avg_time_minutes": 94.17918417129718,
      "4hour_compliance_pct": 100.0,
      "admission_rate_pct": 0.0
    }
  },
  "gender_analysis": {
    "M": {
      "count": 40,
      "avg_time_minutes": 81.16963549307748,
      "4hour_compliance_pct": 100.0,
      "admission_rate_pct": 12.5
    },
    "F": {
      "count": 44,
      "avg_time_minutes": 96.42461913402082,
      "4hour_compliance_pct": 100.0,
      "admission_rate_pct": 9.090909090909092
    }
  },
  "time_distribution_analysis": {
    "min_time_minutes": 13.604264662396872,
    "max_time_minutes": 212.62475201096282,
    "std_dev_minutes": 38.135665168638305,
    "25th_percentile_minutes": 63.40337831874321,
    "75th_percentile_minutes": 111.31440681868816,
    "90th_percentile_minutes": 138.66830576638617,
    "99th_percentile_minutes": 197.25946811570256
  }
}