{
  "total_attendances": 76,
  "active_patients_in_system": 16,
  "1_left_before_being_seen_rate_pct": 0.0,
  "2_reattendance_rate_pct": 0.0,
  "3_time_to_initial_assessment_avg_minutes": 0.0,
  "4_time_to_treatment_avg_minutes": 9.515247248859268,
  "5_total_time_in_ae_avg_minutes": 81.31943412494502,
  "4hour_standard_compliance_pct": 100.0,
  "attendances_within_4hours": 76,
  "attendances_over_4hours": 0,
  "95pct_target_achieved": true,
  "76pct_interim_target_achieved": true,
  "median_total_time_minutes": 79.03239482579541,
  "95th_percentile_time_minutes": 128.8432701494688,
  "admission_rate_pct": 10.526315789473683,
  "triage_category_distribution": {
    "BLUE": "32",
    "YELLOW": "18",
    "RED": "11",
    "ORANGE": "8",
    "GREEN": "7"
  },
  "age_group_analysis": {
    "0-17": {
      "count": 17,
      "avg_time_minutes": 75.69012527222695,
      "4hour_compliance_pct": 100.0,
      "admission_rate_pct": 23.52941176470588
    },
    "18-64": {
      "count": 47,
      "avg_time_minutes": 84.41313741089964,
      "4hour_compliance_pct": 100.0,
      "admission_rate_pct": 6.382978723404255
    },
    "65+": {
      "count": 12,
      "avg_time_minutes": 77.17728379630655,
      "4hour_compliance_pct": 100.0,
      "admission_rate_pct": 8.333333333333332
    }
  },
  "gender_analysis": {
    "F": {
      "count": 42,
      "avg_time_minutes": 78.33894562881142,
      "4hour_compliance_pct": 100.0,
      "admission_rate_pct": 7.142857142857142
    },
    "M": {
      "count": 34,
      "avg_time_minutes": 85.00121403193354,
      "4hour_compliance_pct": 100.0,
      "admission_rate_pct": 14.705882352941178
    }
  },
  "time_distribution_analysis": {
    "min_time_minutes": 12.749789897277395,
    "max_time_minutes": 138.1348471996578,
    "std_dev_minutes": 30.05814511284703,
    "25th_percentile_minutes": 61.73314963099948,
    "75th_percentile_minutes": 104.79855135661236,
    "90th_percentile_minutes": 123.21417763610529,
    "99th_percentile_minutes": 135.91184010622896
  }
}