{
  "total_attendances": 76,
  "active_patients_in_system": 20,
  "1_left_before_being_seen_rate_pct": 0.0,
  "2_reattendance_rate_pct": 0.0,
  "3_time_to_initial_assessment_avg_minutes": 0.0,
  "4_time_to_treatment_avg_minutes": 9.485416955281016,
  "5_total_time_in_ae_avg_minutes": 82.84425025785674,
  "4hour_standard_compliance_pct": 100.0,
  "attendances_within_4hours": 76,
  "attendances_over_4hours": 0,
  "95pct_target_achieved": true,
  "76pct_interim_target_achieved": true,
  "median_total_time_minutes": 79.28062126464812,
  "95th_percentile_time_minutes": 128.25568065099498,
  "admission_rate_pct": 10.526315789473683,
  "triage_category_distribution": {
    "BLUE": "30",
    "YELLOW": "20",
    "RED": "14",
    "GREEN": "7",
    "ORANGE": "5"
  },
  "age_group_analysis": {
    "0-17": {
      "count": 17,
      "avg_time_minutes": 76.99358658755315,
      "4hour_compliance_pct": 100.0,
      "admission_rate_pct": 5.88235294117647
    },
    "18-64": {
      "count": 47,
      "avg_time_minutes": 87.4694425480177,
      "4hour_compliance_pct": 100.0,
      "admission_rate_pct": 12.76595744680851
    },
    "65+": {
      "count": 12,
      "avg_time_minutes": 73.01735398765646,
      "4hour_compliance_pct": 100.0,
      "admission_rate_pct": 8.333333333333332
    }
  },
  "gender_analysis": {
    "M": {
      "count": 36,
      "avg_time_minutes": 79.8355350152787,
      "4hour_compliance_pct": 100.0,
      "admission_rate_pct": 16.666666666666664
    },
    "F": {
      "count": 40,
      "avg_time_minutes": 85.552093976177,
      "4hour_compliance_pct": 100.0,
      "admission_rate_pct": 5.0
    }
  },
  "time_distribution_analysis": {
    "min_time_minutes": 15.494945767194139,
    "max_time_minutes": 138.7042032527119,
    "std_dev_minutes": 27.999400729768855,
    "25th_percentile_minutes": 58.620619285014335,
    "75th_percentile_minutes": 108.18915696232742,
    "90th_percentile_minutes": 122.28643958392405,
    "99th_percentile_minutes": 135.39782742393942
  }
}