{
  "total_attendances": 53,
  "active_patients_in_system": 26,
  "1_left_before_being_seen_rate_pct": 0.0,
  "2_reattendance_rate_pct": 0.0,
  "3_time_to_initial_assessment_avg_minutes": 0.0,
  "4_time_to_treatment_avg_minutes": 4.603615946633551,
  "5_total_time_in_ae_avg_minutes": 122.17408546705452,
  "4hour_standard_compliance_pct": 94.33962264150944,
  "attendances_within_4hours": 50,
  "attendances_over_4hours": 3,
  "95pct_target_achieved": false,
  "76pct_interim_target_achieved": true,
  "median_total_time_minutes": 106.68418508801297,
  "95th_percentile_time_minutes": 233.97367435802408,
  "admission_rate_pct": 0.0,
  "triage_category_distribution": {
    "BLUE": "46",
    "GREEN": "5",
    "ORANGE": "1",
    "YELLOW": "1"
  },
  "age_group_analysis": {
    "0-17": {
      "count": 13,
      "avg_time_minutes": 110.64997136502676,
      "4hour_compliance_pct": 100.0,
      "admission_rate_pct": 0.0
    },
    "18-64": {
      "count": 31,
      "avg_time_minutes": 128.46113674911766,
      "4hour_compliance_pct": 93.54838709677419,
      "admission_rate_pct": 0.0
    },
    "65+": {
      "count": 9,
      "avg_time_minutes": 117.16462919843262,
      "4hour_compliance_pct": 88.88888888888889,
      "admission_rate_pct": 0.0
    }
  },
  "gender_analysis": {
    "M": {
      "count": 22,
      "avg_time_minutes": 129.06692749441507,
      "4hour_compliance_pct": 90.9090909090909,
      "admission_rate_pct": 0.0
    },
    "F": {
      "count": 31,
      "avg_time_minutes": 117.28239112505669,
      "4hour_compliance_pct": 96.7741935483871,
      "admission_rate_pct": 0.0
    }
  },
  "time_distribution_analysis": {
    "min_time_minutes": 69.62170359843299,
    "max_time_minutes": 263.6402924456418,
    "std_dev_minutes": 48.581861581995724,
    "25th_percentile_minutes": 90.91101819591177,
    "75th_percentile_minutes": 129.33326782453503,
    "90th_percentile_minutes": 202.67661970881963,
    "99th_percentile_minutes": 263.22240140561706
  }
}