{
  "total_attendances": 60,
  "active_patients_in_system": 31,
  "1_left_before_being_seen_rate_pct": 0.0,
  "2_reattendance_rate_pct": 0.0,
  "3_time_to_initial_assessment_avg_minutes": 0.0,
  "4_time_to_treatment_avg_minutes": 4.716346846759455,
  "5_total_time_in_ae_avg_minutes": 129.26782755812852,
  "4hour_standard_compliance_pct": 93.33333333333333,
  "attendances_within_4hours": 56,
  "attendances_over_4hours": 4,
  "95pct_target_achieved": false,
  "76pct_interim_target_achieved": true,
  "median_total_time_minutes": 119.5075777838286,
  "95th_percentile_time_minutes": 248.60144509144993,
  "admission_rate_pct": 0.0,
  "triage_category_distribution": {
    "BLUE": "48",
    "GREEN": "8",
    "YELLOW": "3",
    "ORANGE": "1"
  },
  "age_group_analysis": {
    "0-17": {
      "count": 15,
      "avg_time_minutes": 133.64951086662631,
      "4hour_compliance_pct": 93.33333333333333,
      "admission_rate_pct": 0.0
    },
    "18-64": {
      "count": 34,
      "avg_time_minutes": 126.3881071189335,
      "4hour_compliance_pct": 91.17647058823529,
      "admission_rate_pct": 0.0
    },
    "65+": {
      "count": 11,
      "avg_time_minutes": 132.1937589495071,
      "4hour_compliance_pct": 100.0,
      "admission_rate_pct": 0.0
    }
  },
  "gender_analysis": {
    "M": {
      "count": 25,
      "avg_time_minutes": 124.56133261715345,
      "4hour_compliance_pct": 96.0,
      "admission_rate_pct": 0.0
    },
    "F": {
      "count": 35,
      "avg_time_minutes": 132.62960965882505,
      "4hour_compliance_pct": 91.42857142857143,
      "admission_rate_pct": 0.0
    }
  },
  "time_distribution_analysis": {
    "min_time_minutes": 55.59701035671915,
    "max_time_minutes": 321.54344097003894,
    "std_dev_minutes": 50.4266384053787,
    "25th_percentile_minutes": 97.94743020847912,
    "75th_percentile_minutes": 138.55284400729977,
    "90th_percentile_minutes": 183.21074010313606,
    "99th_percentile_minutes": 315.42126863322244
  }
}