{
  "utilization": {
    "triage": {
      "average_utilization_pct": 99.92869875222816,
      "peak_utilization_pct": 100.0,
      "min_utilization_pct": 66.66666666666666,
      "current_utilization_pct": 100.0,
      "utilization_std_dev": 1.5400079191768397
    },
    "nurse": {
      "average_utilization_pct": 99.92869875222816,
      "peak_utilization_pct": 100.0,
      "min_utilization_pct": 66.66666666666666,
      "current_utilization_pct": 100.0,
      "utilization_std_dev": 1.5400079191768397
    },
    "bed": {
      "average_utilization_pct": 31.510695187165776,
      "peak_utilization_pct": 87.5,
      "min_utilization_pct": 0.0,
      "current_utilization_pct": 25.0,
      "utilization_std_dev": 24.399003728414296
    },
    "doctor": {
      "average_utilization_pct": 42.44652406417112,
      "peak_utilization_pct": 100.0,
      "min_utilization_pct": 0.0,
      "current_utilization_pct": 75.0,
      "utilization_std_dev": 23.27103903935847
    }
  },
  "queues": {
    "triage": {
      "average_queue_length": 89.5096256684492,
      "peak_queue_length": 175,
      "min_queue_length": 0,
      "queue_length_std_dev": 44.35630725058167,
      "time_with_queue": 99.46524064171123
    },
    "nurse": {
      "average_queue_length": 89.5096256684492,
      "peak_queue_length": 175,
      "min_queue_length": 0,
      "queue_length_std_dev": 44.35630725058167,
      "time_with_queue": 99.46524064171123
    },
    "bed": {
      "average_queue_length": 0.0,
      "peak_queue_length": 0,
      "min_queue_length": 0,
      "queue_length_std_dev": 0.0,
      "time_with_queue": 0.0
    },
    "doctor": {
      "average_queue_length": 0.0010695187165775401,
      "peak_queue_length": 1,
      "min_queue_length": 0,
      "queue_length_std_dev": 0.03268600382874038,
      "time_with_queue": 0.10695187165775401
    }
  },
  "throughput": {},
  "wait_times": {
    "triage": {
      "average_wait_time_minutes": 122.99077854899501,
      "max_wait_time_minutes": 239.07330137367396,
      "min_wait_time_minutes": 1.1746648308111478,
      "wait_time_std_dev": 72.21332754390075,
      "95th_percentile_wait_time": 233.85914203588578,
      "total_wait_events": 179
    },
    "doctor": {
      "average_wait_time_minutes": 4.579298166200875,
      "max_wait_time_minutes": 9.515286213311157,
      "min_wait_time_minutes": 1.0346420036595418,
      "wait_time_std_dev": 1.7761616462031111,
      "95th_percentile_wait_time": 7.213260215619176,
      "total_wait_events": 173
    }
  },
  "service_times": {
    "triage": {
      "average_service_time_minutes": 6.163708382451915,
      "max_service_time_minutes": 13.007383654845404,
      "min_service_time_minutes": 3.0311009554335624,
      "service_time_std_dev": 1.9034390437650854,
      "95th_percentile_service_time": 9.318129429323353,
      "total_service_events": 176
    },
    "doctor": {
      "average_service_time_minutes": 17.857804076908057,
      "max_service_time_minutes": 28.49184218452413,
      "min_service_time_minutes": 7.5411777463136564,
      "service_time_std_dev": 4.765266140613798,
      "95th_percentile_service_time": 25.771528399676114,
      "total_service_events": 168
    }
  },
  "system_performance": {
    "simulation_duration_minutes": 0,
    "total_snapshots": 1870,
    "average_system_queue_length": 179.02032085561498,
    "peak_system_queue_length": "350",
    "system_congestion_pct": 99.46524064171123,
    "average_system_utilization_pct": 68.4536541889483,
    "peak_system_utilization_pct": 87.5,
    "final_entities_processed": 148,
    "processing_rate_per_hour": 0
  },
  "monitoring_points": 1870,
  "total_resource_events": 1225,
  "service_name": "OperationMetrics",
  "total_records": 0,
  "active_records": 3095,
  "total_duration_minutes": 0,
  "start_time": 0.2965145296077853,
  "end_time": null,
  "counters": {
    "total_records": 3095
  }
}