{
  "utilization": {
    "bed": {
      "average_utilization_pct": 0.6770833333333334,
      "peak_utilization_pct": 5.0,
      "min_utilization_pct": 0.0,
      "current_utilization_pct": 0.0,
      "utilization_std_dev": 1.7108403860059214
    },
    "doctor": {
      "average_utilization_pct": 89.71354166666667,
      "peak_utilization_pct": 100.0,
      "min_utilization_pct": 0.0,
      "current_utilization_pct": 62.5,
      "utilization_std_dev": 22.17023915349728
    },
    "triage": {
      "average_utilization_pct": 26.04166666666666,
      "peak_utilization_pct": 100.0,
      "min_utilization_pct": 0.0,
      "current_utilization_pct": 66.66666666666666,
      "utilization_std_dev": 27.723471219915467
    }
  },
  "queues": {
    "bed": {
      "average_queue_length": 0.0,
      "peak_queue_length": "0",
      "min_queue_length": "0",
      "queue_length_std_dev": 0.0,
      "time_with_queue": 0.0
    },
    "doctor": {
      "average_queue_length": 1.6145833333333333,
      "peak_queue_length": "7",
      "min_queue_length": "0",
      "queue_length_std_dev": 1.793331348744255,
      "time_with_queue": 63.541666666666664
    },
    "triage": {
      "average_queue_length": 0.010416666666666666,
      "peak_queue_length": "1",
      "min_queue_length": "0",
      "queue_length_std_dev": 0.1015291077584267,
      "time_with_queue": 1.0416666666666665
    }
  },
  "throughput": {},
  "wait_times": {
    "doctor": {
      "average_wait_time_minutes": 15.292898540055965,
      "max_wait_time_minutes": 41.59692729554885,
      "min_wait_time_minutes": 0.2171782222634988,
      "wait_time_std_dev": 11.158688232395289,
      "95th_percentile_wait_time": 37.71300594857429,
      "total_wait_events": 52
    },
    "triage": {
      "average_wait_time_minutes": 1.9310907803643431,
      "max_wait_time_minutes": 2.587683877334598,
      "min_wait_time_minutes": 1.2744976833940882,
      "wait_time_std_dev": 0.6565930969702549,
      "95th_percentile_wait_time": 2.5220245676375725,
      "total_wait_events": 2
    }
  },
  "service_times": {
    "triage": {
      "average_service_time_minutes": 4.705134830735315,
      "max_service_time_minutes": 9.96819294153303,
      "min_service_time_minutes": 3.029301186272418,
      "service_time_std_dev": 1.298884575818259,
      "95th_percentile_service_time": 6.358974524496142,
      "total_service_events": 76
    },
    "doctor": {
      "average_service_time_minutes": 48.40502456480065,
      "max_service_time_minutes": 50.0,
      "min_service_time_minutes": 3.4761942927547396,
      "service_time_std_dev": 6.951849481697087,
      "95th_percentile_service_time": 50.0,
      "total_service_events": 69
    }
  },
  "system_performance": {
    "simulation_duration_minutes": 0,
    "total_snapshots": 96,
    "snapshot_interval_minutes": 5.0,
    "average_system_queue_length": 1.625,
    "peak_system_queue_length": "7",
    "system_congestion_pct": 64.58333333333334,
    "average_system_utilization_pct": 38.810763888888886,
    "peak_system_utilization_pct": 66.66666666666667,
    "final_entities_processed": 56,
    "processing_rate_per_hour": 0
  },
  "monitoring_points": 96,
  "total_resource_events": 451,
  "service_name": "OperationMetrics",
  "total_records": 0,
  "active_records": 547,
  "total_duration_minutes": 0,
  "start_time": 0,
  "end_time": null,
  "counters": {
    "total_records": 547
  }
}