{
  "report_metadata": {
    "report_id": "high_demand_1756732801",
    "generated_at": "2025-09-01T14:20:01.823762",
    "simulation_duration": 120
  },
  "descriptive_statistics": {
    "patient_flow": {
      "total_arrivals": 67,
      "total_departures": 29,
      "total_admissions": 0,
      "total_discharges": 29,
      "total_lwbs": 0,
      "completion_rate": 43.28358208955223,
      "admission_rate": 0.0,
      "discharge_rate": 100.0,
      "lwbs_rate": 0.0,
      "throughput_per_hour": 14.5,
      "priority_distribution": {
        "IMMEDIATE": 0,
        "VERY_URGENT": 5,
        "URGENT": 1,
        "STANDARD": 8,
        "NON_URGENT": 54
      },
      "priority_percentages": {
        "IMMEDIATE": 0.0,
        "VERY_URGENT": 7.462686567164178,
        "URGENT": 1.4925373134328357,
        "STANDARD": 11.940298507462686,
        "NON_URGENT": 80.59701492537313
      }
    },
    "wait_times": {
      "overall": {
        "count": 13,
        "mean": 81.31750007520574,
        "median": 81.59009176486376,
        "std": 7.035742945081338,
        "var": 49.50167878926181,
        "min": 68.9049904054114,
        "max": 91.31066456759038,
        "range": 22.405674162178983,
        "skewness": -0.09541201216055926,
        "kurtosis": -1.1441417908179377,
        "percentiles": {
          "p50": 81.59009176486376,
          "p75": 88.41096549982791,
          "p90": 90.61817437704642,
          "p95": 91.10807894211771,
          "p99": 91.27014744249584
        }
      },
      "by_priority": {
        "VERY_URGENT": {
          "count": 2,
          "mean": 79.05188742838317,
          "median": 79.05188742838317,
          "std": 10.146897022971764,
          "var": 102.95951919479324,
          "min": 68.9049904054114,
          "max": 89.19878445135492,
          "range": 20.293794045943528,
          "skewness": -2.0675881226689867e-15,
          "kurtosis": -2.0,
          "target_compliance": {
            "target_time": 30,
            "compliance_rate": 0.0,
            "breach_count": 2,
            "breach_rate": 100.0
          }
        },
        "STANDARD": {
          "count": 1,
          "mean": 91.31066456759038,
          "median": 91.31066456759038,
          "std": 0.0,
          "var": 0.0,
          "min": 91.31066456759038,
          "max": 91.31066456759038,
          "range": 0.0,
          "skewness": NaN,
          "kurtosis": NaN,
          "target_compliance": {
            "target_time": 480,
            "compliance_rate": 100.0,
            "breach_count": 0,
            "breach_rate": 0.0
          }
        },
        "NON_URGENT": {
          "count": 10,
          "mean": 80.77130615533181,
          "median": 80.49900321993611,
          "std": 5.696403865483929,
          "var": 32.449016998700245,
          "min": 72.27105382407261,
          "max": 90.97302185846928,
          "range": 18.70196803439667,
          "skewness": 0.28469984481233634,
          "kurtosis": -0.8993517745714357,
          "target_compliance": {
            "target_time": 1440,
            "compliance_rate": 100.0,
            "breach_count": 0,
            "breach_rate": 0.0
          }
        }
      }
    },
    "service_times": {
      "triage": {
        "count": 68,
        "mean": 5.216180428881716,
        "median": 5.2337057151707596,
        "std": 1.8649103028686158,
        "var": 3.477890437745512,
        "min": 1.0,
        "max": 9.8717360052757,
        "range": 8.8717360052757,
        "skewness": 0.16368978332398504,
        "kurtosis": -0.0382652153022649
      },
      "consultation": {
        "count": 25,
        "mean": 16.844235672253028,
        "median": 15.140091559849765,
        "std": 5.178634283840721,
        "var": 26.818253045770497,
        "min": 13.521928481171784,
        "max": 33.985787292805355,
        "range": 20.46385881163357,
        "skewness": 2.612508169879648,
        "kurtosis": 5.636210291047876
      },
      "total_system": {
        "count": 29,
        "mean": 20.60805126164613,
        "median": 0.0,
        "std": 40.39464743416171,
        "var": 1631.7275413302275,
        "min": 0.0,
        "max": 104.50014854916785,
        "range": 104.50014854916785,
        "skewness": 1.4554866634433872,
        "kurtosis": 0.13170131486746106,
        "percentiles": {
          "p50": 0.0,
          "p75": 0.0,
          "p90": 99.43196571916266,
          "p95": 102.48720203081247
        }
      }
    },
    "resource_utilization": {
      "doctors": {
        "count": 27,
        "mean": 100.0,
        "median": 100.0,
        "std": 0.0,
        "var": 0.0,
        "min": 100.0,
        "max": 100.0,
        "range": 0.0,
        "skewness": NaN,
        "kurtosis": NaN,
        "efficiency": {
          "target_utilization": 75.0,
          "actual_utilization": 100.0,
          "efficiency_ratio": 1.3333333333333333,
          "underutilization": 0,
          "overutilization": 25.0
        }
      },
      "nurses": {
        "count": 27,
        "mean": 100.0,
        "median": 100.0,
        "std": 0.0,
        "var": 0.0,
        "min": 100.0,
        "max": 100.0,
        "range": 0.0,
        "skewness": NaN,
        "kurtosis": NaN,
        "efficiency": {
          "target_utilization": 75.0,
          "actual_utilization": 100.0,
          "efficiency_ratio": 1.3333333333333333,
          "underutilization": 0,
          "overutilization": 25.0
        }
      },
      "cubicles": {
        "count": 27,
        "mean": 100.0,
        "median": 100.0,
        "std": 0.0,
        "var": 0.0,
        "min": 100.0,
        "max": 100.0,
        "range": 0.0,
        "skewness": NaN,
        "kurtosis": NaN,
        "efficiency": {
          "target_utilization": 75.0,
          "actual_utilization": 100.0,
          "efficiency_ratio": 1.3333333333333333,
          "underutilization": 0,
          "overutilization": 25.0
        }
      },
      "beds": {
        "count": 27,
        "mean": 0.0,
        "median": 0.0,
        "std": 0.0,
        "var": 0.0,
        "min": 0.0,
        "max": 0.0,
        "range": 0.0,
        "skewness": NaN,
        "kurtosis": NaN,
        "efficiency": {
          "target_utilization": 75.0,
          "actual_utilization": 0.0,
          "efficiency_ratio": 0.0,
          "underutilization": 75.0,
          "overutilization": 0
        }
      }
    }
  },
  "performance_analysis": {
    "performance_indicators": {
      "throughput_per_hour": 14.5,
      "average_length_of_stay": 20.60805126164613,
      "average_wait_time": 81.31750007520574,
      "median_wait_time": 81.59009176486376,
      "p95_wait_time": 91.10807894211771,
      "resource_efficiency": 75.0,
      "completion_rate": 43.28358208955223,
      "lwbs_rate": 0.0,
      "admission_rate": 0.0,
      "average_triage_confidence": 0.2907352941176471
    },
    "target_compliance": {
      "VERY_URGENT_compliance": 0.0,
      "STANDARD_compliance": 100.0,
      "NON_URGENT_compliance": 100.0,
      "overall_compliance": 84.61538461538461,
      "throughput_compliance": 96.66666666666667,
      "resource_efficiency_compliance": 100,
      "lwbs_compliance": 100.0,
      "IMMEDIATE_distribution_compliance": 98.0,
      "VERY_URGENT_distribution_compliance": 94.0,
      "URGENT_distribution_compliance": 80.0,
      "STANDARD_distribution_compliance": 50.0,
      "NON_URGENT_distribution_compliance": 0
    },
    "efficiency_metrics": {
      "doctor_efficiency": 100.0,
      "nurse_efficiency": 100.0,
      "triage_efficiency": 95.85557992425383,
      "flow_efficiency": 48.333333333333336,
      "queue_efficiency": 35.03703703703704
    }
  },
  "statistical_analysis": {
    "normality_tests": {
      "wait_times": {
        "shapiro_wilk_statistic": 0.9546185427265779,
        "shapiro_wilk_p_value": 0.6695918667736563,
        "shapiro_wilk_normal": "True",
        "ks_statistic": 0.1510140811281795,
        "ks_p_value": 0.8857635909608487,