{
  "report_metadata": {
    "report_id": "normal_operations_1756729187",
    "generated_at": "2025-09-01T13:19:47.668168",
    "simulation_duration": 120
  },
  "descriptive_statistics": {
    "patient_flow": {
      "total_arrivals": 34,
      "total_departures": 25,
      "total_admissions": 3,
      "total_discharges": 22,
      "total_lwbs": 0,
      "completion_rate": 73.52941176470588,
      "admission_rate": 12.0,
      "discharge_rate": 88.0,
      "lwbs_rate": 0.0,
      "throughput_per_hour": 12.5,
      "priority_distribution": {
        "IMMEDIATE": 0,
        "VERY_URGENT": 3,
        "URGENT": 10,
        "STANDARD": 2,
        "NON_URGENT": 22
      },
      "priority_percentages": {
        "IMMEDIATE": 0.0,
        "VERY_URGENT": 8.823529411764707,
        "URGENT": 29.411764705882355,
        "STANDARD": 5.88235294117647,
        "NON_URGENT": 64.70588235294117
      }
    },
    "wait_times": {
      "overall": {
        "count": 2,
        "mean": 111.40656584961111,
        "median": 111.40656584961111,
        "std": 1.6560733240773686,
        "var": 2.7425788547206653,
        "min": 109.75049252553374,
        "max": 113.06263917368848,
        "range": 3.3121466481547372,
        "skewness": 0.0,
        "kurtosis": -2.0,
        "percentiles": {
          "p50": 111.40656584961111,
          "p75": 112.2346025116498,
          "p90": 112.731424508873,
          "p95": 112.89703184128075,
          "p99": 113.02951770720694
        }
      },
      "by_priority": {
        "NON_URGENT": {
          "count": 2,
          "mean": 111.40656584961111,
          "median": 111.40656584961111,
          "std": 1.6560733240773686,
          "var": 2.7425788547206653,
          "min": 109.75049252553374,
          "max": 113.06263917368848,
          "range": 3.3121466481547372,
          "skewness": 0.0,
          "kurtosis": -2.0,
          "target_compliance": {
            "target_time": 240,
            "compliance_rate": 100.0,
            "breach_count": 0,
            "breach_rate": 0.0
          }
        }
      }
    },
    "service_times": {
      "triage": {
        "count": 37,
        "mean": 5.500531537629042,
        "median": 5.682303949633287,
        "std": 2.14999178232495,
        "var": 4.622464664064816,
        "min": 1.4230069900390068,
        "max": 10.468844318123484,
        "range": 9.045837328084477,
        "skewness": 0.175369819796749,
        "kurtosis": -0.38940513694056733
      },
      "consultation": {
        "count": 21,
        "mean": 18.267636646922035,
        "median": 15.812901539863674,
        "std": 6.473751703174606,
        "var": 41.90946111435611,
        "min": 13.576257380232278,
        "max": 37.1257045382938,
        "range": 23.549447158061525,
        "skewness": 1.745419484138552,
        "kurtosis": 1.8639056053160026
      },
      "total_system": {
        "count": 25,
        "mean": 0.0,
        "median": 0.0,
        "std": 0.0,
        "var": 0.0,
        "min": 0.0,
        "max": 0.0,
        "range": 0.0,
        "skewness": NaN,
        "kurtosis": NaN,
        "percentiles": {
          "p50": 0.0,
          "p75": 0.0,
          "p90": 0.0,
          "p95": 0.0
        }
      }
    },
    "resource_utilization": {
      "doctors": {
        "count": 25,
        "mean": 0.0,
        "median": 0.0,
        "std": 0.0,
        "var": 0.0,
        "min": 0.0,
        "max": 0.0,
        "range": 0.0,
        "skewness": NaN,
        "kurtosis": NaN,
        "efficiency": {
          "target_utilization": 85.0,
          "actual_utilization": 0.0,
          "efficiency_ratio": 0.0,
          "underutilization": 85.0,
          "overutilization": 0
        }
      },
      "nurses": {
        "count": 25,
        "mean": 0.0,
        "median": 0.0,
        "std": 0.0,
        "var": 0.0,
        "min": 0.0,
        "max": 0.0,
        "range": 0.0,
        "skewness": NaN,
        "kurtosis": NaN,
        "efficiency": {
          "target_utilization": 85.0,
          "actual_utilization": 0.0,
          "efficiency_ratio": 0.0,
          "underutilization": 85.0,
          "overutilization": 0
        }
      },
      "cubicles": {
        "count": 25,
        "mean": 0.0,
        "median": 0.0,
        "std": 0.0,
        "var": 0.0,
        "min": 0.0,
        "max": 0.0,
        "range": 0.0,
        "skewness": NaN,
        "kurtosis": NaN,
        "efficiency": {
          "target_utilization": 85.0,
          "actual_utilization": 0.0,
          "efficiency_ratio": 0.0,
          "underutilization": 85.0,
          "overutilization": 0
        }
      },
      "beds": {
        "count": 25,
        "mean": 100.0,
        "median": 100.0,
        "std": 0.0,
        "var": 0.0,
        "min": 100.0,
        "max": 100.0,
        "range": 0.0,
        "skewness": NaN,
        "kurtosis": NaN,
        "efficiency": {
          "target_utilization": 85.0,
          "actual_utilization": 100.0,
          "efficiency_ratio": 1.1764705882352942,
          "underutilization": 0,
          "overutilization": 15.0
        }
      }
    }
  },
  "performance_analysis": {
    "performance_indicators": {
      "throughput_per_hour": 12.5,
      "average_length_of_stay": 0.0,
      "average_wait_time": 111.40656584961111,
      "median_wait_time": 111.40656584961111,
      "p95_wait_time": 112.89703184128075,
      "resource_efficiency": 25.0,
      "completion_rate": 73.52941176470588,
      "lwbs_rate": 0.0,
      "admission_rate": 12.0,
      "average_triage_confidence": 0.3161261261261262
    },
    "target_compliance": {
      "NON_URGENT_compliance": 100.0,
      "overall_compliance": 100.0,
      "throughput_compliance": 62.5,
      "resource_efficiency_compliance": 29.411764705882355,
      "lwbs_compliance": 100.0
    },
    "efficiency_metrics": {
      "doctor_efficiency": 0.0,
      "nurse_efficiency": 0.0,
      "triage_efficiency": 90.90030601215693,
      "flow_efficiency": 41.66666666666667,
      "queue_efficiency": 37.199999999999996
    }
  },
  "statistical_analysis": {
    "normality_tests": {
      "consultation_times": {
        "shapiro_wilk_statistic": 0.6879071188418298,
        "shapiro_wilk_p_value": 1.9533962645729403e-05,
        "shapiro_wilk_normal": "False",
        "ks_statistic": 0.374512871269025,
        "ks_p_value": 0.0037410973462054242,
        "ks_normal": "False",
        "sample_size": 21
      },
      "triage_times": {
        "shapiro_wilk_statistic": 0.973677076099045,
        "shapiro_wilk_p_value": 0.5167752841469917,
        "shapiro_wilk_normal": "True",
        "ks_statistic": 0.08084153968385183,
        "ks_p_value": 0.9529120008237721,
        "ks_normal": "True",
        "sample_size": 37
      },
      "system_times": {
        "shapiro_wilk_statistic": 1.0,
        "shapiro_wilk_p_value": 1.0,
        "shapiro_wilk_normal": "True",
        "ks_statistic": NaN,
        "ks_p_value": NaN,
        "ks_normal": "False",
        "sample_size": 25
      }
    },
    "correlation_analysis": {
      "doctor_nurse_utilization": NaN,
      "doctor_utilization_queue_length": NaN
    }
  },
  "comparative_analysis": {
    "benchmark_comparison": null,
    "trend_analysis": null
  },
  "recommendations": [
    "Resource efficiency is 25.0%, indicating underutilization. Review staffing schedules and consider demand-based resource allocation.",
    "Throughput is 12.5 patients/hour, which may be below optimal levels. Review triage processes and consider parallel processing workflows.",
    "Average triage confidence is 0.32. Consider additional triage training or decision support tools."
  ]
}