{
  "total_attendances": 148,
  "active_patients_in_system": 53,
  "1_left_before_being_seen_rate_pct": 0.0,
  "2_reattendance_rate_pct": 0.0,
  "3_time_to_initial_assessment_avg_minutes": 2.0615581503946476,
  "4_time_to_treatment_avg_minutes": 11.663733674897049,
  "5_total_time_in_ae_avg_minutes": 502.94067122215364,
  "4hour_standard_compliance_pct": 29.72972972972973,
  "attendances_within_4hours": 44,
  "attendances_over_4hours": 104,
  "95pct_target_achieved": false,
  "76pct_interim_target_achieved": false,
  "median_total_time_minutes": 347.2459158739187,
  "95th_percentile_time_minutes": 1959.4412946639486,
  "admission_rate_pct": 100.0,
  "triage_category_distribution": {
    "RED": 49,
    "ORANGE": 60,
    "YELLOW": 29,
    "GREEN": 8,
    "BLUE": 2
  },
  "age_group_analysis": {
    "0-17": {
      "count": 148,
      "avg_time_minutes": 502.94067122215364,
      "4hour_compliance_pct": 29.72972972972973,
      "admission_rate_pct": 100.0
    }
  },
  "gender_analysis": {
    "": {
      "count": 148,
      "avg_time_minutes": 502.94067122215364,
      "4hour_compliance_pct": 29.72972972972973,
      "admission_rate_pct": 100.0
    }
  },
  "time_distribution_analysis": {
    "min_time_minutes": 125.12233234464065,
    "max_time_minutes": 2235.8671784201956,
    "std_dev_minutes": 494.337623402834,
    "quartiles": {
      "25th_percentile": 227.7278288584644,
      "50th_percentile": 347.2459158739187,
      "75th_percentile": 507.32621916551295
    },
    "distribution_bins": {
      "0-60min": 0,
      "60-120min": 0,
      "120-240min": 44,
      "240-360min": 32,
      "360+min": 72
    }
  },
  "service_name": "NHSMetrics",
  "total_records": 148,
  "active_records": 53,
  "total_duration_minutes": 4280.25326683756,
  "start_time": 0.0,
  "end_time": 4280.25326683756,
  "counters": {
    "lwbs_count": 0,
    "reattendance_count": 0,
    "admissions_count": 112,
    "total_records": 201,
    "completed_records": 148
  }
}